loss_history,weight_history
0.03340892,"[-0.1499946  -0.17224216 -0.03057308 ... -0.15970075 -0.08036328
  0.01992832]"
0.31950322,"[-0.14926082 -0.17152207 -0.02984439 ... -0.15896808 -0.07963233
  0.02065504]"
0.051303945,"[-0.14863674 -0.17081535 -0.02915936 ... -0.15830593 -0.07895748
  0.02135153]"
0.097387284,"[-0.14844146 -0.17054737 -0.02882242 ... -0.15793869 -0.07861989
  0.02162463]"
0.18520157,"[-0.14862315 -0.17064624 -0.02878931 ... -0.1578335  -0.07858475
  0.0215223 ]"
0.1378821,"[-0.14898819 -0.17091633 -0.02893736 ... -0.15789513 -0.07872837
  0.02122741]"
0.06360389,"[-0.14941949 -0.1712235  -0.0291629  ... -0.15803622 -0.07894493
  0.0208689 ]"
0.03695106,"[-0.14982325 -0.1714687  -0.02937052 ... -0.15817364 -0.07913705
  0.02055433]"
0.059791483,"[-0.15007715 -0.17157862 -0.02949256 ... -0.15823296 -0.0792201
  0.02036733]"
0.092107594,"[-0.15008992 -0.17153476 -0.02950175 ... -0.15817589 -0.07915581
  0.02033894]"
0.099783175,"[-0.14989124 -0.17136946 -0.02940886 ... -0.1580118  -0.07896077
  0.02044961]"
0.08087409,"[-0.14956523 -0.17112017 -0.02924643 ... -0.15777887 -0.07867987
  0.02065553]"
0.054545168,"[-0.14917816 -0.17083105 -0.02905731 ... -0.15752369 -0.07836632
  0.02090507]"
0.0399031,"[-0.14879923 -0.17054662 -0.02888252 ... -0.15728949 -0.07807286
  0.02114497]"
0.04330724,"[-0.14847882 -0.17030935 -0.0287543  ... -0.15710844 -0.07784357
  0.02132723]"
0.05702048,"[-0.14824234 -0.17014843 -0.02869215 ... -0.15699746 -0.07770497
  0.02141997]"
0.06730228,"[-0.148096   -0.17007254 -0.02870276 ... -0.15695883 -0.07766276
  0.02141474]"
0.06589804,"[-0.14802425 -0.1700724  -0.02877644 ... -0.15698324 -0.07770491
  0.02132452]"
0.055072043,"[-0.14800726 -0.1701279  -0.0288934  ... -0.15705295 -0.07780723
  0.02117658]"
0.04344709,"[-0.14801942 -0.17020929 -0.0290319  ... -0.15714444 -0.07793798
  0.02100558]"
0.03844792,"[-0.14803095 -0.17028335 -0.02916399 ... -0.15723145 -0.07806229
  0.02084776]"
0.041456416,"[-0.14801103 -0.17032368 -0.02926748 ... -0.15728946 -0.07814793
  0.02073438]"
0.047999587,"[-0.14793848 -0.17031434 -0.0293274  ... -0.15730172 -0.07817288
  0.02068524]"
0.051948942,"[-0.14781293 -0.170251   -0.0293397  ... -0.15726395 -0.07813096
  0.02070493]"
0.050157726,"[-0.1476454  -0.17014104 -0.02931139 ... -0.15718481 -0.07803217
  0.02078336]"
0.04428419,"[-0.14745541 -0.16999644 -0.02925835 ... -0.15708235 -0.07789844
  0.02089955]"
0.038783245,"[-0.14726445 -0.16984344 -0.02920043 ... -0.15697837 -0.07775755
  0.02102638]"
0.037178416,"[-0.14709783 -0.1697115  -0.02915865 ... -0.1568929  -0.07763682
  0.02113614]"
0.03954739,"[-0.14697708 -0.1696232  -0.0291529  ... -0.15684015 -0.0775574
  0.0212063 ]"
0.042920418,"[-0.14691125 -0.16958973 -0.02919083 ... -0.15682666 -0.07753036
  0.02122449]"
0.043989748,"[-0.14690137 -0.16961055 -0.02926612 ... -0.156851   -0.07755525
  0.02119086]"
0.041833185,"[-0.14693722 -0.16967441 -0.02937035 ... -0.15690479 -0.07762121
  0.02111713]"
0.03833762,"[-0.14700061 -0.16976005 -0.02948911 ... -0.15697458 -0.07770965
  0.02102316]"
0.036229063,"[-0.1470698  -0.16984351 -0.0296052  ... -0.15704444 -0.0777982
  0.02093215]"
0.03669895,"[-0.14712112 -0.16990374 -0.02970114 ... -0.15709913 -0.07786556
  0.0208653 ]"
0.038608734,"[-0.1471451  -0.1699256  -0.0297662  ... -0.15712786 -0.07789672
  0.02083678]"
0.039777666,"[-0.14713985 -0.1699048  -0.0297959  ... -0.15712725 -0.07788698
  0.02085046]"
0.039017193,"[-0.14710832 -0.16984978 -0.02979629 ... -0.15710196 -0.07784268
  0.02089961]"
0.037051465,"[-0.14706148 -0.16977775 -0.02977975 ... -0.15706277 -0.07777876
  0.02096921]"
0.035596997,"[-0.1470169  -0.16970776 -0.02976074 ... -0.15702307 -0.07771417
  0.02104014]"
0.035667185,"[-0.14699191 -0.16965766 -0.02975344 ... -0.15699513 -0.07766657
  0.02109424]"
0.03674039,"[-0.14699826 -0.16963902 -0.0297671  ... -0.1569872  -0.07764795
  0.02111894]"
0.037450325,"[-0.14703935 -0.16965498 -0.02980375 ... -0.1570021  -0.07766201
  0.02111036]"
0.037001554,"[-0.14710777 -0.16970043 -0.02985917 ... -0.15703702 -0.07770398
  0.0210738 ]"
0.035844263,"[-0.14718986 -0.16976233 -0.02992392 ... -0.1570846  -0.07776229
  0.02102174]"
0.035057493,"[-0.14726992 -0.16982356 -0.02998484 ... -0.15713497 -0.07782192
  0.02097   ]"
0.035198793,"[-0.14733458 -0.16986977 -0.03003001 ... -0.15717837 -0.07786852
  0.02093315]"
0.03582887,"[-0.14737412 -0.16989088 -0.03005198 ... -0.15720785 -0.07789248
  0.02092049]"
0.036097094,"[-0.14738569 -0.16988544 -0.03004895 ... -0.15722112 -0.07789161
  0.02093361]"
0.03566283,"[-0.14737618 -0.16986176 -0.03002822 ... -0.1572211  -0.0778714
  0.02096642]"
0.034975775,"[-0.14735489 -0.16983351 -0.02999813 ... -0.1572145  -0.07784285
  0.02100739]"
0.03468314,"[-0.14733575 -0.16981438 -0.02996914 ... -0.15720943 -0.07781864
  0.02104331]"
0.034924347,"[-0.14733261 -0.16981456 -0.02995016 ... -0.15721281 -0.07780919
  0.02106339]"
0.035253827,"[-0.14735362 -0.16983873 -0.0299451  ... -0.15722828 -0.07781971
  0.02106241]"
0.035206154,"[-0.1473991  -0.16988477 -0.02995361 ... -0.15725529 -0.07784895
  0.02104207]"
0.034809455,"[-0.1474622  -0.16994359 -0.02996988 ... -0.15728953 -0.07788994
  0.02101   ]"
0.034478646,"[-0.14753205 -0.1700043  -0.02998563 ... -0.15732437 -0.07793244
  0.02097701]"
0.03449029,"[-0.1475962  -0.17005591 -0.02999293 ... -0.1573531  -0.07796624
  0.02095341]"
0.034697995,"[-0.147646   -0.17009006 -0.02998739 ... -0.15737116 -0.07798447
  0.02094571]"
0.03476278,"[-0.14767829 -0.17010815 -0.02996906 ... -0.15737768 -0.07798574
  0.02095475]"
0.03456862,"[-0.14769378 -0.17011659 -0.02994134 ... -0.15737563 -0.07797435
  0.0209758 ]"
0.034323532,"[-0.14769997 -0.17012392 -0.02991164 ... -0.15737069 -0.07795847
  0.02100045]"
0.034265332,"[-0.14770697 -0.170138   -0.02988595 ... -0.157369   -0.07794708
  0.02101977]"
0.034373134,"[-0.14772516 -0.1701648  -0.02987001 ... -0.15737514 -0.07794689
  0.02102738]"
0.034433544,"[-0.14775905 -0.17020428 -0.02986504 ... -0.15739056 -0.07796031
  0.02102157]"
0.034329753,"[-0.14780562 -0.17025249 -0.02986699 ... -0.15741336 -0.07798499
  0.02100552]"
0.03417138,"[-0.14786053 -0.17030202 -0.02987112 ... -0.15743907 -0.07801502
  0.02098585]"
0.034118786,"[-0.14791669 -0.17034464 -0.02987157 ... -0.15746227 -0.07804327
  0.02096996]"
0.03417642,"[-0.1479609  -0.17037721 -0.02986519 ... -0.15747866 -0.07806397
  0.02096332]"
0.034212336,"[-0.14799324 -0.17039913 -0.02985021 ... -0.1574866  -0.07807478
  0.02096761]"
0.03414651,"[-0.14801824 -0.17041373 -0.02982883 ... -0.15748765 -0.07807738
  0.02098032]"
0.034043647,"[-0.1480337  -0.17042643 -0.02980684 ... -0.15748583 -0.07807646
  0.020996  ]"
0.03400662,"[-0.14804505 -0.17044301 -0.02978879 ... -0.15748596 -0.07807769
  0.02100853]"
0.034037642,"[-0.14806023 -0.17046706 -0.0297793  ... -0.15749174 -0.0780854
  0.02101349]"
0.034050595,"[-0.14808124 -0.17049927 -0.02977872 ... -0.1575045  -0.078101
  0.02100975]"
0.03399877,"[-0.14811125 -0.17053615 -0.02978387 ... -0.15752275 -0.07812265
  0.02099969]"
0.03393197,"[-0.14814426 -0.17057316 -0.02978991 ... -0.157543   -0.07814617
  0.020988  ]"
0.033913027,"[-0.14817514 -0.17060646 -0.02979336 ... -0.15756117 -0.07816684
  0.0209796 ]"
0.03392984,"[-0.14820017 -0.17063385 -0.02979177 ... -0.15757424 -0.07818138
  0.02097769]"
0.033925813,"[-0.14821564 -0.17065343 -0.0297853  ... -0.15758146 -0.07818919
  0.02098254]"
0.033884425,"[-0.14822665 -0.1706668  -0.02977696 ... -0.1575846  -0.07819247
  0.0209916 ]"
0.033845197,"[-0.14823635 -0.17067754 -0.02976945 ... -0.15758693 -0.07819507
  0.02100077]"
0.033838853,"[-0.1482477  -0.17068759 -0.02976545 ... -0.15759192 -0.07820077
  0.02100622]"
0.03384522,"[-0.14826463 -0.17069745 -0.02976554 ... -0.15760164 -0.07821168
  0.02100598]"
0.03383066,"[-0.14829129 -0.17070584 -0.02976686 ... -0.1576161  -0.07822743
  0.02100066]"
0.033798296,"[-0.14832526 -0.17071195 -0.0297675  ... -0.15763338 -0.07824554
  0.02099292]"
0.033776492,"[-0.14836232 -0.17071444 -0.02976574 ... -0.15765063 -0.07826259
  0.02098625]"
0.033774674,"[-0.14839871 -0.1707123  -0.02976012 ... -0.15766543 -0.07827582
  0.02098333]"
0.033771135,"[-0.1484313  -0.17070493 -0.0297504  ... -0.1576768  -0.07828429
  0.02098496]"
0.03375057,"[-0.14846374 -0.17069373 -0.02973954 ... -0.15768561 -0.0782892
  0.02098981]"
0.03372663,"[-0.14849842 -0.1706812  -0.02972964 ... -0.15769401 -0.07829323
  0.02099521]"
0.03371529,"[-0.14853899 -0.17066853 -0.02972257 ... -0.15770435 -0.07829919
  0.02099846]"
0.033711534,"[-0.14858633 -0.17065702 -0.0297192  ... -0.15771799 -0.07830872
  0.02099808]"
0.03370005,"[-0.14863858 -0.17064786 -0.02971916 ... -0.15773472 -0.07832173
  0.02099434]"
0.03368123,"[-0.14869006 -0.17063998 -0.0297204  ... -0.15775295 -0.07833648
  0.020989  ]"
0.03366716,"[-0.14873658 -0.17063232 -0.02972102 ... -0.15777043 -0.07835062
  0.02098441]"
0.033661038,"[-0.14877573 -0.17062405 -0.02972009 ... -0.15778543 -0.07836227
  0.02098231]"
0.0336535,"[-0.14880694 -0.17061536 -0.0297173  ... -0.15779755 -0.07837095
  0.02098309]"
0.033640083,"[-0.14883411 -0.17060697 -0.02971455 ... -0.15780775 -0.07837767
  0.02098567]"
0.033626974,"[-0.14886203 -0.17060038 -0.02971364 ... -0.15781784 -0.0783843
  0.02098821]"
0.033619814,"[-0.14889461 -0.17059606 -0.02971467 ... -0.15782943 -0.07839251
  0.02098906]"
0.03361355,"[-0.14893314 -0.170594   -0.0297177  ... -0.15784322 -0.078403
  0.02098757]"
0.03360297,"[-0.1489764  -0.17059393 -0.02972207 ... -0.15785863 -0.07841519
  0.02098432]"
0.03359091,"[-0.14901333 -0.17059569 -0.02972696 ... -0.15787424 -0.07842761
  0.02098072]"
0.033582658,"[-0.14904721 -0.17059812 -0.02973002 ... -0.15788858 -0.07843871
  0.02097823]"
0.03357659,"[-0.1490762  -0.17059922 -0.02973005 ... -0.15790081 -0.07844768
  0.02097759]"
0.033568222,"[-0.1491006  -0.17059967 -0.02972774 ... -0.15791121 -0.07845479
  0.02097855]"
0.03355852,"[-0.14912146 -0.17059952 -0.02972651 ... -0.15792087 -0.07846113
  0.02098008]"
0.033550873,"[-0.14913985 -0.17059806 -0.02972831 ... -0.15793109 -0.07846802
  0.02098098]"
0.033544984,"[-0.14916173 -0.170596   -0.02973262 ... -0.15794271 -0.0784763
  0.02098055]"
0.03353782,"[-0.14918342 -0.17059295 -0.02973714 ... -0.1579557  -0.07848592
  0.0209789 ]"
0.033529475,"[-0.14920269 -0.1705881  -0.02974093 ... -0.15796927 -0.07849607
  0.02097679]"
0.033522017,"[-0.14921843 -0.17058173 -0.02974251 ... -0.15798235 -0.0785057
  0.02097518]"
0.033515934,"[-0.14923215 -0.17057383 -0.02974281 ... -0.15799429 -0.07851414
  0.02097468]"
0.033509053,"[-0.14924698 -0.17056412 -0.02974184 ... -0.15800513 -0.07852145
  0.02097526]"
0.033501353,"[-0.14925812 -0.17055337 -0.02974113 ... -0.1580156  -0.07852833
  0.02097629]"
0.033494577,"[-0.14927197 -0.17054117 -0.02974033 ... -0.1580265  -0.07853567
  0.020977  ]"
0.03348872,"[-0.149284   -0.17052776 -0.0297415  ... -0.15803835 -0.07854403
  0.02097685]"
0.033482302,"[-0.14929977 -0.17051317 -0.02974322 ... -0.15805101 -0.07855336
  0.02097584]"
0.033475827,"[-0.14931667 -0.17049758 -0.02974365 ... -0.15806387 -0.07856309
  0.02097444]"
0.033469666,"[-0.1493348  -0.17048228 -0.02974417 ... -0.15807624 -0.07857249
  0.02097331]"
0.033463575,"[-0.14935376 -0.17046726 -0.02974486 ... -0.15808778 -0.07858109
  0.02097287]"
0.03345755,"[-0.14936961 -0.17045173 -0.0297462  ... -0.15809871 -0.07858894
  0.02097311]"
0.033451114,"[-0.14938699 -0.17043585 -0.02974515 ... -0.15810968 -0.07859652
  0.02097364]"
0.0334452,"[-0.14940827 -0.17042106 -0.02974354 ... -0.1581213  -0.07860437
  0.02097395]"
0.03343953,"[-0.14943093 -0.17040636 -0.02974285 ... -0.1581339  -0.07861281
  0.02097371]"
0.033433713,"[-0.14945544 -0.17039163 -0.02974291 ... -0.15814723 -0.07862173
  0.02097296]"
0.03342793,"[-0.149475   -0.17037815 -0.02974347 ... -0.15816078 -0.07863075
  0.02097203]"
0.03342258,"[-0.14949502 -0.1703662  -0.02974357 ... -0.15817404 -0.07863948
  0.0209713 ]"
0.033416968,"[-0.14951488 -0.17035542 -0.02974383 ... -0.15818684 -0.07864778
  0.02097101]"
0.033411074,"[-0.14953442 -0.17034538 -0.02974444 ... -0.15819937 -0.07865581
  0.0209711 ]"
0.03340532,"[-0.14954834 -0.1703351  -0.02974589 ... -0.15821205 -0.07866393
  0.0209713 ]"
0.033399817,"[-0.14955766 -0.17032596 -0.02974742 ... -0.15822522 -0.07867245
  0.02097132]"
0.03339453,"[-0.14957075 -0.17031802 -0.02975033 ... -0.15823898 -0.07868144
  0.02097099]"
0.033389173,"[-0.14958778 -0.17030993 -0.02975449 ... -0.15825321 -0.07869075
  0.0209704 ]"
0.033383667,"[-0.14960599 -0.17030223 -0.02975844 ... -0.15826766 -0.07870009
  0.02096982]"
0.03337838,"[-0.14962651 -0.17029442 -0.02976348 ... -0.15828216 -0.07870924
  0.02096947]"
0.033373646,"[-0.1496417  -0.17028598 -0.0297701  ... -0.15829673 -0.07871818
  0.02096942]"
0.033369754,"[-0.14964727 -0.17027704 -0.02977462 ... -0.15831144 -0.07872701
  0.02096963]"
0.033365317,"[-0.14965357 -0.17026956 -0.02977742 ... -0.15832634 -0.07873589
  0.02096989]"
0.033360984,"[-0.14966373 -0.1702628  -0.02977921 ... -0.1583414  -0.07874489
  0.02097006]"
0.03335648,"[-0.1496777  -0.17025685 -0.02978077 ... -0.15835653 -0.078754
  0.02097007]"
0.03335201,"[-0.14968897 -0.17025091 -0.02978248 ... -0.15837164 -0.07876313
  0.02096999]"
0.033347193,"[-0.14969143 -0.17024674 -0.0297848  ... -0.1583866  -0.07877214
  0.02096996]"
0.033342842,"[-0.14969666 -0.17024413 -0.02978638 ... -0.15840137 -0.07878099
  0.02097007]"
0.033338595,"[-0.14970237 -0.17024189 -0.02978607 ... -0.158416   -0.07878975
  0.0209703 ]"
0.03333367,"[-0.14970702 -0.17023826 -0.02978494 ... -0.15843062 -0.07879853
  0.02097057]"
0.03332986,"[-0.14970942 -0.17023277 -0.02978655 ... -0.15844528 -0.07880737
  0.02097076]"
0.03332643,"[-0.1497103  -0.1702254  -0.02978947 ... -0.15845993 -0.07881623
  0.02097087]"
0.033322852,"[-0.14970689 -0.17021734 -0.02979322 ... -0.15847449 -0.07882504
  0.02097092]"
0.033319343,"[-0.1497067  -0.17020941 -0.02979652 ... -0.1584889  -0.07883377
  0.020971  ]"
0.03331592,"[-0.14971119 -0.17020303 -0.0297987  ... -0.1585032  -0.07884241
  0.02097119]"
0.033312213,"[-0.14972071 -0.17019717 -0.02980004 ... -0.15851752 -0.07885103
  0.02097144]"
0.0333088,"[-0.14973465 -0.17019185 -0.02980158 ... -0.15853192 -0.07885966
  0.02097168]"
0.033305377,"[-0.14975117 -0.17018877 -0.02980365 ... -0.15854634 -0.07886829
  0.02097188]"
0.0333027,"[-0.14976254 -0.17018716 -0.02980496 ... -0.15856072 -0.07887684
  0.02097206]"
0.033299606,"[-0.1497687  -0.17018597 -0.029808   ... -0.15857503 -0.07888524
  0.02097225]"
0.03329602,"[-0.14977458 -0.1701855  -0.02981051 ... -0.15858923 -0.07889348
  0.02097251]"
0.033292916,"[-0.14978138 -0.1701864  -0.02981305 ... -0.15860334 -0.07890156
  0.0209729 ]"
0.03328986,"[-0.14979339 -0.17018916 -0.02981514 ... -0.15861745 -0.07890962
  0.02097339]"
0.03328673,"[-0.1498103  -0.17019244 -0.02981556 ... -0.15863167 -0.07891778
  0.0209739 ]"
0.03328347,"[-0.14983006 -0.17019437 -0.02981306 ... -0.15864602 -0.07892608
  0.02097435]"
0.033280276,"[-0.14984806 -0.17019626 -0.02981137 ... -0.15866044 -0.07893445
  0.02097469]"
0.033277247,"[-0.14985982 -0.17019926 -0.02981221 ... -0.15867493 -0.07894281
  0.02097495]"
0.03327419,"[-0.14987083 -0.1702028  -0.0298148  ... -0.15868947 -0.07895111
  0.02097526]"
0.03327096,"[-0.14988142 -0.17020701 -0.02981789 ... -0.15870404 -0.07895931
  0.02097574]"
0.033267785,"[-0.14988989 -0.17021121 -0.02981834 ... -0.15871865 -0.07896741
  0.02097646]"
0.03326464,"[-0.14989261 -0.17021528 -0.02981859 ... -0.15873334 -0.07897551
  0.02097729]"
0.033261396,"[-0.14988916 -0.1702186  -0.02981978 ... -0.15874818 -0.07898366
  0.02097808]"
0.033258535,"[-0.14988802 -0.17022112 -0.02982045 ... -0.15876316 -0.07899185
  0.02097877]"
0.03325551,"[-0.14989124 -0.17022443 -0.02982124 ... -0.15877827 -0.07900007
  0.0209794 ]"
0.033252522,"[-0.14989528 -0.17022832 -0.02982299 ... -0.15879361 -0.07900837
  0.02097998]"
0.03324963,"[-0.1499076  -0.1702321  -0.02982519 ... -0.15880927 -0.07901686
  0.02098052]"
0.03324683,"[-0.14991558 -0.1702344  -0.0298262  ... -0.15882523 -0.07902554
  0.02098103]"
0.033244174,"[-0.14992703 -0.17023838 -0.02982719 ... -0.1588414  -0.07903435
  0.02098149]"
0.033241745,"[-0.14993112 -0.17024525 -0.02982958 ... -0.15885766 -0.07904321
  0.02098193]"
0.03323933,"[-0.14993314 -0.17025553 -0.0298333  ... -0.15887392 -0.07905204
  0.0209824 ]"
0.033236843,"[-0.1499366  -0.17026475 -0.02983671 ... -0.15889017 -0.0790608
  0.02098298]"
0.033234123,"[-0.14994653 -0.1702742  -0.02983955 ... -0.15890642 -0.07906944
  0.02098365]"
0.03323166,"[-0.14995128 -0.1702826  -0.02984449 ... -0.15892272 -0.079078
  0.02098428]"
0.033228885,"[-0.14995989 -0.17029029 -0.02984889 ... -0.15893923 -0.07908657
  0.02098478]"
0.033226375,"[-0.14997056 -0.17029968 -0.02985269 ... -0.15895599 -0.0790952
  0.02098516]"
0.033223774,"[-0.14997703 -0.17030965 -0.02985682 ... -0.1589729  -0.07910387
  0.02098557]"
0.03322165,"[-0.14997143 -0.17031969 -0.02985909 ... -0.15898983 -0.07911257
  0.02098608]"
0.033218853,"[-0.1499655  -0.17032838 -0.02986203 ... -0.1590067  -0.07912128
  0.02098662]"
0.033216447,"[-0.14996773 -0.1703354  -0.02986464 ... -0.15902345 -0.07912999
  0.02098715]"
0.03321408,"[-0.14997733 -0.17034097 -0.02986691 ... -0.15904011 -0.07913864
  0.02098766]"
0.03321207,"[-0.14998202 -0.17034705 -0.02987023 ... -0.15905675 -0.07914726
  0.02098818]"
0.03320914,"[-0.14998144 -0.17035261 -0.02987168 ... -0.1590735  -0.07915593
  0.02098867]"
0.03320633,"[-0.14998297 -0.1703578  -0.0298745  ... -0.15909033 -0.07916467
  0.0209891 ]"
0.033203814,"[-0.14998467 -0.17036112 -0.02987903 ... -0.1591071  -0.07917343
  0.0209895 ]"
0.03320108,"[-0.14999323 -0.17036203 -0.02988285 ... -0.15912364 -0.07918207
  0.02098999]"
0.033198502,"[-0.14999501 -0.17036273 -0.02988629 ... -0.15913986 -0.07919051
  0.02099059]"
0.033196185,"[-0.15000041 -0.17036527 -0.0298889  ... -0.15915588 -0.07919889
  0.02099124]"
0.033193894,"[-0.15000889 -0.17036977 -0.02989161 ... -0.15917195 -0.07920733
  0.02099182]"
0.03319176,"[-0.15001746 -0.1703735  -0.02989479 ... -0.15918824 -0.07921585
  0.02099227]"
0.033190206,"[-0.15001856 -0.1703782  -0.02990028 ... -0.15920472 -0.07922436
  0.02099264]"
0.03318797,"[-0.15000895 -0.17038395 -0.02990357 ... -0.15922125 -0.07923273
  0.02099307]"
0.033185873,"[-0.15000284 -0.17038994 -0.02990646 ... -0.15923771 -0.07924097
  0.02099359]"
0.033183895,"[-0.15000117 -0.17039607 -0.02991029 ... -0.15925413 -0.07924916
  0.02099415]"
0.033181623,"[-0.15000449 -0.17040211 -0.02991311 ... -0.15927051 -0.07925738
  0.02099469]"
0.033179317,"[-0.15001293 -0.17041002 -0.02991552 ... -0.159287   -0.07926576
  0.02099515]"
0.033177648,"[-0.15001895 -0.17041734 -0.02991962 ... -0.15930383 -0.07927437
  0.02099547]"
0.033175424,"[-0.15002182 -0.17042224 -0.0299247  ... -0.15932108 -0.07928318
  0.02099573]"
0.03317311,"[-0.15002653 -0.17042471 -0.02993065 ... -0.15933862 -0.07929201
  0.02099606]"
0.03317122,"[-0.15003276 -0.17042637 -0.02993635 ... -0.15935604 -0.07930062
  0.02099662]"
0.03316919,"[-0.15004005 -0.17042898 -0.02994194 ... -0.15937315 -0.07930897
  0.02099735]"
0.03316693,"[-0.15005067 -0.17043169 -0.02994541 ... -0.15939008 -0.07931729
  0.02099805]"
0.033164833,"[-0.15005504 -0.1704356  -0.02994849 ... -0.15940715 -0.07932585
  0.02099852]"
0.033162784,"[-0.1500594  -0.17043981 -0.02994856 ... -0.15942453 -0.07933474
  0.02099876]"
0.03316028,"[-0.1500623  -0.1704442  -0.02994968 ... -0.159442   -0.0793437
  0.02099897]"
0.033158198,"[-0.15006599 -0.17044748 -0.02995151 ... -0.15945926 -0.07935245
  0.02099936]"
0.03315598,"[-0.15006511 -0.17044799 -0.02995204 ... -0.15947637 -0.07936093
  0.02100002]"
0.03315351,"[-0.1500624  -0.17044814 -0.02995226 ... -0.15949352 -0.07936936
  0.02100079]"
0.033150833,"[-0.15006106 -0.1704502  -0.02995267 ... -0.15951088 -0.07937789
  0.02100141]"
0.033148576,"[-0.15006506 -0.17045303 -0.02995366 ... -0.1595284  -0.07938654
  0.02100183]"
0.03314638,"[-0.15006378 -0.1704565  -0.02995658 ... -0.15954594 -0.0793952
  0.02100217]"
0.033143796,"[-0.15006372 -0.17046009 -0.0299582  ... -0.15956344 -0.0794038
  0.02100258]"
0.03314178,"[-0.1500662  -0.17046195 -0.02995828 ... -0.15958089 -0.07941235
  0.02100311]"
0.03313976,"[-0.15007521 -0.17046554 -0.02995699 ... -0.15959834 -0.07942093
  0.02100371]"
0.033137895,"[-0.1500792  -0.17046972 -0.02995603 ... -0.15961586 -0.07942966
  0.02100425]"
0.033136085,"[-0.15008585 -0.17047365 -0.02995547 ... -0.15963355 -0.07943857
  0.02100468]"
0.033134297,"[-0.15009479 -0.17047946 -0.02995706 ... -0.15965123 -0.07944748
  0.0210051 ]"
0.033132136,"[-0.15010226 -0.17048687 -0.02995875 ... -0.15966864 -0.07945615
  0.02100572]"
0.033130594,"[-0.15009998 -0.17049584 -0.02995877 ... -0.15968575 -0.07946467
  0.02100646]"
0.03312829,"[-0.15010524 -0.1705031  -0.02995867 ... -0.15970288 -0.07947336
  0.02100704]"
0.033126835,"[-0.15011588 -0.17050834 -0.02995904 ... -0.15972033 -0.0794825
  0.02100733]"
0.03312499,"[-0.15012649 -0.17051403 -0.02996093 ... -0.15973796 -0.07949194
  0.02100752]"
0.033122882,"[-0.15014094 -0.17051955 -0.02996228 ... -0.15975533 -0.0795013
  0.02100792]"
0.033120833,"[-0.1501564  -0.1705256  -0.02996246 ... -0.15977225 -0.07951029
  0.02100864]"
0.033119306,"[-0.15016472 -0.17053154 -0.02996328 ... -0.15978912 -0.07951913
  0.02100949]"
0.0331169,"[-0.15017158 -0.17053597 -0.02996636 ... -0.15980633 -0.07952816
  0.02101023]"
0.033115253,"[-0.15018345 -0.17054105 -0.02996944 ... -0.15982386 -0.07953747
  0.02101086]"
0.033113554,"[-0.15018985 -0.17054841 -0.0299716  ... -0.15984139 -0.07954689
  0.02101148]"
0.033111583,"[-0.15020025 -0.1705556  -0.02997366 ... -0.15985861 -0.07955625
  0.02101216]"
0.033109356,"[-0.150202   -0.1705654  -0.0299738  ... -0.1598757  -0.07956561
  0.02101285]"
0.033107743,"[-0.15019293 -0.17057224 -0.02997437 ... -0.15989317 -0.07957525
  0.02101334]"
0.033105753,"[-0.15018569 -0.17057872 -0.02997492 ... -0.15991102 -0.07958513
  0.02101368]"
0.033104185,"[-0.15018372 -0.17058776 -0.02997619 ... -0.1599288  -0.07959486
  0.02101407]"
0.03310264,"[-0.15018539 -0.170599   -0.02997793 ... -0.15994611 -0.07960419
  0.0210147 ]"
0.033100706,"[-0.1501955  -0.17060986 -0.02997922 ... -0.15996309 -0.07961331
  0.02101552]"
0.033098795,"[-0.15021065 -0.1706201  -0.02998031 ... -0.15997998 -0.07962253
  0.02101628]"
0.03309724,"[-0.15022045 -0.17063121 -0.02998259 ... -0.15999702 -0.07963197
  0.02101684]"
0.033095654,"[-0.15022664 -0.17063843 -0.02998479 ... -0.16001426 -0.07964157
  0.02101726]"
0.033093687,"[-0.15023398 -0.17064333 -0.0299861  ... -0.16003148 -0.07965111
  0.02101765]"
0.03309187,"[-0.15024343 -0.17064807 -0.02998723 ... -0.16004845 -0.07966046
  0.02101814]"
0.033089966,"[-0.15025756 -0.17065164 -0.02998742 ... -0.16006513 -0.07966959
  0.02101875]"
0.03308802,"[-0.1502666  -0.17065276 -0.02998896 ... -0.16008167 -0.07967871
  0.02101934]"
0.033086427,"[-0.15027851 -0.17065565 -0.02998827 ... -0.16009834 -0.07968806
  0.02101981]"
0.03308463,"[-0.15028268 -0.1706588  -0.02998794 ... -0.16011536 -0.07969764
  0.02102014]"
0.033083178,"[-0.15029104 -0.17066373 -0.02998637 ... -0.1601327  -0.07970732
  0.02102044]"
0.033081386,"[-0.15029941 -0.1706712  -0.02998542 ... -0.16015023 -0.07971689
  0.0210208 ]"
0.033079587,"[-0.15030852 -0.1706778  -0.02998368 ... -0.16016781 -0.07972626
  0.02102115]"
0.0330781,"[-0.15030667 -0.17068078 -0.02998466 ... -0.16018549 -0.07973549
  0.02102145]"
0.033076115,"[-0.1503142  -0.17068003 -0.02998649 ... -0.16020325 -0.07974461
  0.02102173]"
0.03307448,"[-0.15032443 -0.17068364 -0.02999016 ... -0.16022106 -0.07975361
  0.02102203]"
0.033072453,"[-0.15033734 -0.17068824 -0.0299939  ... -0.16023886 -0.07976254
  0.02102236]"
0.033071674,"[-0.1503398  -0.17069253 -0.03000049 ... -0.16025665 -0.07977146
  0.02102269]"
0.03306986,"[-0.15034437 -0.17069805 -0.0300049  ... -0.1602745  -0.07978041
  0.02102302]"
0.033068493,"[-0.15034613 -0.17070302 -0.03000531 ... -0.16029248 -0.07978941
  0.02102334]"
0.033066597,"[-0.15035799 -0.1707084  -0.03000552 ... -0.16031039 -0.07979842
  0.02102365]"
0.0330648,"[-0.15037684 -0.17071623 -0.03000781 ... -0.16032815 -0.07980745
  0.02102402]"
0.033063713,"[-0.15038659 -0.17072259 -0.03001121 ... -0.16034603 -0.07981668
  0.02102442]"
0.03306184,"[-0.15038016 -0.17072497 -0.03001085 ... -0.16036423 -0.0798263
  0.02102469]"
0.033060193,"[-0.15037693 -0.17072715 -0.03000974 ... -0.16038245 -0.07983603
  0.02102484]"
0.033059336,"[-0.1503783  -0.17073387 -0.0300107  ... -0.16040052 -0.07984561
  0.02102503]"
0.033057485,"[-0.15038858 -0.17074047 -0.03001202 ... -0.16041863 -0.07985508
  0.0210254 ]"
0.03305552,"[-0.15040492 -0.17074437 -0.03001268 ... -0.16043706 -0.07986452
  0.02102585]"
0.03305355,"[-0.15042391 -0.17074525 -0.03001185 ... -0.1604558  -0.07987387
  0.02102632]"
0.033052728,"[-0.15043645 -0.17074876 -0.03001327 ... -0.16047452 -0.07988309
  0.02102678]"
0.033050768,"[-0.15043724 -0.17075886 -0.03001646 ... -0.16049294 -0.07989218
  0.02102722]"
0.033049062,"[-0.15044016 -0.17076714 -0.03001816 ... -0.16051109 -0.07990132
  0.02102758]"
0.03304769,"[-0.1504489  -0.17077433 -0.03001818 ... -0.16052926 -0.07991073
  0.02102782]"
0.03304574,"[-0.15045941 -0.17078242 -0.03001726 ... -0.16054733 -0.07992022
  0.02102814]"
0.033043955,"[-0.1504715  -0.17078924 -0.03001625 ... -0.16056527 -0.07992963
  0.02102874]"
0.033042274,"[-0.15047722 -0.17079413 -0.03001468 ... -0.16058326 -0.07993902
  0.02102948]"
0.033040553,"[-0.15048085 -0.1707966  -0.03001309 ... -0.16060172 -0.07994872
  0.02102998]"
0.033039123,"[-0.15048696 -0.17079638 -0.03001385 ... -0.16062063 -0.07995869
  0.02103013]"
0.03303753,"[-0.15049587 -0.17079535 -0.03001507 ... -0.16063948 -0.07996857
  0.0210303 ]"
0.03303591,"[-0.15051033 -0.17079364 -0.03001589 ... -0.16065793 -0.07997813
  0.02103076]"
0.03303417,"[-0.15051344 -0.1707921  -0.03001505 ... -0.16067605 -0.07998748
  0.02103145]"
0.03303262,"[-0.15052219 -0.17079379 -0.03001375 ... -0.16069418 -0.07999688
  0.02103212]"
0.033031035,"[-0.15053554 -0.1707973  -0.03001279 ... -0.16071275 -0.08000651
  0.02103259]"
0.03302922,"[-0.15054423 -0.17080182 -0.03001338 ... -0.16073172 -0.08001627
  0.021033  ]"
0.033027958,"[-0.15054968 -0.17080435 -0.03001488 ... -0.16075091 -0.08002595
  0.02103351]"
0.0330263,"[-0.15055312 -0.17080326 -0.03001513 ... -0.16077012 -0.08003546
  0.02103424]"
0.0330249,"[-0.1505586  -0.17080124 -0.03001144 ... -0.16078933 -0.080045
  0.02103507]"
0.033023708,"[-0.15055884 -0.17080052 -0.03001078 ... -0.16080865 -0.0800548
  0.02103565]"
0.03302131,"[-0.15055114 -0.17080435 -0.03001363 ... -0.16082816 -0.08006485
  0.02103595]"
0.0330208,"[-0.15054594 -0.1708108  -0.03001557 ... -0.16084762 -0.08007478
  0.02103634]"
0.03301908,"[-0.15054472 -0.17081825 -0.03001553 ... -0.16086689 -0.08008438
  0.02103708]"
0.033017345,"[-0.15055378 -0.17082433 -0.03001539 ... -0.160886   -0.08009376
  0.02103795]"
0.033015568,"[-0.15056998 -0.17082818 -0.03001579 ... -0.16090503 -0.08010319
  0.02103861]"
0.033013728,"[-0.15058579 -0.1708285  -0.03001481 ... -0.16092402 -0.08011279
  0.02103907]"
0.033013057,"[-0.15059264 -0.17083389 -0.03001335 ... -0.16094284 -0.08012238
  0.02103963]"
0.033010643,"[-0.15060283 -0.17083931 -0.03001254 ... -0.16096146 -0.08013175
  0.02104031]"
0.033009406,"[-0.15061826 -0.17084548 -0.03001248 ... -0.16097997 -0.08014085
  0.02104105]"
0.03300787,"[-0.150638   -0.17084998 -0.03001413 ... -0.16099848 -0.08014987
  0.02104174]"
0.033006158,"[-0.15065596 -0.17085335 -0.03001478 ... -0.16101713 -0.08015907
  0.02104247]"
0.033004954,"[-0.15065855 -0.17085752 -0.03001673 ... -0.16103584 -0.08016852
  0.0210433 ]"
0.03300302,"[-0.15064673 -0.17086372 -0.0300191  ... -0.16105454 -0.08017823
  0.02104405]"
0.033001952,"[-0.15064196 -0.17086749 -0.03002084 ... -0.1610735  -0.08018821
  0.0210444 ]"
0.03300035,"[-0.1506452  -0.17086783 -0.0300208  ... -0.16109279 -0.08019831
  0.0210445 ]"
0.032998558,"[-0.15065396 -0.17086613 -0.03001821 ... -0.16111219 -0.08020831
  0.0210448 ]"
0.032996785,"[-0.15066545 -0.17086291 -0.03001588 ... -0.1611315  -0.08021814
  0.02104543]"
0.03299608,"[-0.1506728  -0.1708604  -0.03001649 ... -0.16115047 -0.08022776
  0.02104617]"
0.032994255,"[-0.15067098 -0.1708687  -0.03001806 ... -0.16116935 -0.08023739
  0.02104671]"
0.032992747,"[-0.15067561 -0.17088027 -0.03001961 ... -0.16118845 -0.0802472
  0.02104698]"
0.032991443,"[-0.15068737 -0.17088947 -0.03002032 ... -0.16120765 -0.080257
  0.02104735]"
0.032989975,"[-0.1506978  -0.17089486 -0.03001942 ... -0.16122676 -0.08026665
  0.02104799]"
0.03298807,"[-0.15071385 -0.1708988  -0.03001933 ... -0.16124597 -0.08027641
  0.02104862]"
0.032986287,"[-0.15072507 -0.17089991 -0.03001938 ... -0.1612655  -0.08028644
  0.02104898]"
0.032984722,"[-0.15071942 -0.1709029  -0.03001635 ... -0.16128528 -0.08029655
  0.02104914]"
0.032983817,"[-0.15071593 -0.17090668 -0.03001689 ... -0.16130508 -0.08030647
  0.02104922]"
0.032982316,"[-0.15071884 -0.1709073  -0.03001682 ... -0.161325   -0.08031622
  0.0210494 ]"
0.032980405,"[-0.15073012 -0.17090382 -0.03001632 ... -0.16134496 -0.08032588
  0.02104983]"
0.032978717,"[-0.15074654 -0.17089853 -0.03001693 ... -0.16136463 -0.08033536
  0.02105043]"
0.032977954,"[-0.15074892 -0.17089878 -0.03001911 ... -0.1613839  -0.08034467
  0.02105098]"
0.032975804,"[-0.15074229 -0.17090194 -0.0300231  ... -0.1614032  -0.08035419
  0.02105124]"
0.032974858,"[-0.15074581 -0.17090724 -0.03002652 ... -0.16142295 -0.08036411
  0.02105132]"
0.032974046,"[-0.15075527 -0.17090751 -0.03002869 ... -0.16144298 -0.08037407
  0.0210516 ]"
0.032972116,"[-0.15076725 -0.17090482 -0.03003084 ... -0.1614628  -0.08038382
  0.02105223]"
0.032970443,"[-0.15078351 -0.17090063 -0.03003197 ... -0.16148235 -0.08039365
  0.02105287]"
0.032968715,"[-0.1508063  -0.1708958  -0.03003147 ... -0.16150196 -0.08040395
  0.02105311]"
0.032967724,"[-0.15082076 -0.17089854 -0.03003212 ... -0.16152161 -0.08041445
  0.02105307]"
0.032965865,"[-0.15083282 -0.17091063 -0.03003093 ... -0.16154091 -0.0804245
  0.02105329]"
0.032964543,"[-0.15084377 -0.17092319 -0.03003006 ... -0.16155985 -0.08043392
  0.02105385]"
0.03296275,"[-0.15086026 -0.17093095 -0.03003078 ... -0.16157891 -0.08044319
  0.02105444]"
0.032961063,"[-0.15087274 -0.17093456 -0.03003235 ... -0.16159847 -0.08045265
  0.02105486]"
0.03295969,"[-0.15088461 -0.17093691 -0.03003079 ... -0.16161853 -0.0804623
  0.02105522]"
0.032958042,"[-0.15088941 -0.17093699 -0.03002732 ... -0.16163878 -0.0804719
  0.02105569]"
0.032956626,"[-0.15089989 -0.17093737 -0.03002425 ... -0.16165906 -0.08048151
  0.02105623]"
0.0329553,"[-0.15091583 -0.17093642 -0.03002167 ... -0.16167946 -0.08049125
  0.02105662]"
0.032953605,"[-0.15093249 -0.17093414 -0.0300211  ... -0.1617001  -0.08050109
  0.0210568 ]"
0.032952197,"[-0.15093139 -0.17093389 -0.03002298 ... -0.16172095 -0.08051105
  0.02105688]"
0.032950062,"[-0.15093338 -0.17093378 -0.03002461 ... -0.1617418  -0.08052107
  0.02105706]"
0.032948595,"[-0.15094115 -0.17093211 -0.03002349 ... -0.16176252 -0.08053109
  0.02105731]"
0.032947276,"[-0.15093857 -0.17092897 -0.03002324 ... -0.1617832  -0.08054119
  0.02105742]"
0.032945648,"[-0.15094519 -0.17092688 -0.03002156 ... -0.16180402 -0.08055139
  0.02105747]"
0.032944076,"[-0.15096    -0.1709248  -0.03001941 ... -0.16182503 -0.08056153
  0.02105764]"
0.032942455,"[-0.15096623 -0.17092365 -0.03001986 ... -0.16184592 -0.08057141
  0.02105809]"
0.03294094,"[-0.15097037 -0.17092666 -0.03001883 ... -0.16186664 -0.08058109
  0.02105864]"
0.03293948,"[-0.15098366 -0.17093024 -0.03001904 ... -0.16188763 -0.0805909
  0.02105889]"
0.03293831,"[-0.15098584 -0.17093174 -0.03001834 ... -0.16190895 -0.0806008
  0.02105902]"
0.03293655,"[-0.15099053 -0.17093752 -0.0300169  ... -0.16193032 -0.0806106
  0.02105934]"
0.032934934,"[-0.15099351 -0.17094146 -0.03001722 ... -0.1619514  -0.08062013
  0.0210599 ]"
0.032933578,"[-0.15099035 -0.17094205 -0.0300222  ... -0.16197217 -0.08062955
  0.02106045]"
0.032932047,"[-0.15099318 -0.17093886 -0.03002527 ... -0.16199262 -0.08063886
  0.02106097]"
0.032930892,"[-0.15100837 -0.17093737 -0.03002433 ... -0.16201286 -0.08064822
  0.02106152]"
0.03292941,"[-0.15102755 -0.17093636 -0.03002272 ... -0.16203324 -0.08065791
  0.021062  ]"
0.03292768,"[-0.15102752 -0.17093569 -0.03002122 ... -0.16205375 -0.0806679
  0.02106235]"
0.03292626,"[-0.15102965 -0.17093752 -0.03002036 ... -0.16207433 -0.08067805
  0.02106262]"
0.032924633,"[-0.15104005 -0.17093705 -0.03002046 ... -0.16209505 -0.08068833
  0.02106284]"
0.032923326,"[-0.15104331 -0.17093457 -0.03002219 ... -0.16211587 -0.08069859
  0.02106304]"
0.032921843,"[-0.15104927 -0.17094228 -0.03002334 ... -0.16213678 -0.08070869
  0.02106324]"
0.03292067,"[-0.15106188 -0.17095135 -0.03002317 ... -0.16215768 -0.08071849
  0.02106361]"
0.032918975,"[-0.15107669 -0.17096116 -0.03002092 ... -0.16217835 -0.08072801
  0.02106419]"
0.03291725,"[-0.15108673 -0.17096667 -0.03002164 ... -0.16219898 -0.08073757
  0.02106469]"
0.03291556,"[-0.15109828 -0.17096673 -0.03002266 ... -0.16221985 -0.08074731
  0.02106501]"
0.03291409,"[-0.1510977  -0.17096432 -0.03002321 ... -0.16224085 -0.08075691
  0.02106541]"
0.03291278,"[-0.1511017  -0.170963   -0.03002232 ... -0.16226196 -0.08076646
  0.02106598]"
0.03291115,"[-0.15110962 -0.17096578 -0.0300201  ... -0.1622832  -0.08077626
  0.02106647]"
0.032909725,"[-0.15111977 -0.17096964 -0.03001871 ... -0.1623045  -0.08078648
  0.02106665]"
0.032908574,"[-0.15112397 -0.17097208 -0.03002029 ... -0.16232565 -0.08079682
  0.02106678]"
0.03290678,"[-0.15113011 -0.17097501 -0.0300199  ... -0.16234659 -0.08080698
  0.02106713]"
0.032905456,"[-0.15113774 -0.17097422 -0.03001878 ... -0.16236754 -0.08081701
  0.02106765]"
0.032903977,"[-0.15115272 -0.17097923 -0.03001883 ... -0.16238877 -0.08082723
  0.02106796]"
0.032902986,"[-0.15115917 -0.17098175 -0.03002195 ... -0.16241033 -0.08083762
  0.02106803]"
0.03290097,"[-0.15117398 -0.17098564 -0.03002286 ... -0.16243175 -0.08084774
  0.02106833]"
0.032899596,"[-0.15119323 -0.17099056 -0.03002307 ... -0.16245314 -0.08085765
  0.02106877]"
0.032898154,"[-0.15121418 -0.17099477 -0.03002507 ... -0.16247469 -0.08086753
  0.02106912]"
0.03289731,"[-0.15122226 -0.17099606 -0.03002969 ... -0.16249646 -0.08087754
  0.02106933]"
0.03289539,"[-0.15121876 -0.1709992  -0.03003153 ... -0.16251785 -0.08088734
  0.02106978]"
0.032894123,"[-0.15121497 -0.17100331 -0.03003366 ... -0.16253883 -0.08089697
  0.02107043]"
0.03289278,"[-0.15121421 -0.1710033  -0.03003384 ... -0.16255967 -0.08090676
  0.02107093]"
0.032891292,"[-0.15122056 -0.1710022  -0.03003542 ... -0.16258068 -0.08091692
  0.02107119]"
0.032889854,"[-0.15123846 -0.17100085 -0.03003515 ... -0.16260187 -0.08092733
  0.02107145]"
0.032888874,"[-0.15124695 -0.17100449 -0.03003334 ... -0.16262299 -0.08093759
  0.02107185]"
0.032886438,"[-0.1512565  -0.17100929 -0.03003141 ... -0.16264412 -0.08094772
  0.02107218]"
0.03288504,"[-0.15126769 -0.17101385 -0.03003082 ... -0.16266541 -0.08095796
  0.0210723 ]"
0.03288355,"[-0.1512697  -0.17101777 -0.03003255 ... -0.16268677 -0.08096831
  0.02107237]"
0.032881975,"[-0.15126985 -0.17101823 -0.03002959 ... -0.16270813 -0.08097861
  0.02107259]"
0.032880746,"[-0.15127237 -0.17101504 -0.03002755 ... -0.16272962 -0.08098897
  0.02107272]"
0.032879326,"[-0.15126945 -0.17101355 -0.03002707 ... -0.16275117 -0.08099942
  0.02107277]"
0.032877434,"[-0.15127613 -0.17101628 -0.03002663 ... -0.16277252 -0.08100978
  0.021073  ]"
0.03287629,"[-0.15128906 -0.17101985 -0.03002896 ... -0.16279383 -0.08102006
  0.02107341]"
0.032875028,"[-0.15129156 -0.17101726 -0.0300336  ... -0.16281518 -0.08103026
  0.02107389]"
0.03287305,"[-0.15128846 -0.17101744 -0.03003872 ... -0.16283667 -0.08104054
  0.02107431]"
0.032871917,"[-0.15129143 -0.17102186 -0.03004238 ... -0.16285823 -0.08105087
  0.02107462]"
0.032870363,"[-0.15130477 -0.17102417 -0.03004677 ... -0.1628799  -0.0810613
  0.02107487]"
0.03286901,"[-0.151324   -0.17102629 -0.03004948 ... -0.16290152 -0.08107177
  0.02107515]"
0.03286701,"[-0.15134695 -0.17102809 -0.03005442 ... -0.16292301 -0.08108221
  0.02107551]"
0.032865454,"[-0.15135346 -0.17102988 -0.03005713 ... -0.1629445  -0.08109261
  0.02107591]"
0.032863706,"[-0.151364   -0.17103128 -0.03005823 ... -0.16296615 -0.08110304
  0.02107624]"
0.032862373,"[-0.1513778  -0.17103131 -0.03005744 ... -0.16298765 -0.08111329
  0.02107663]"
0.03286109,"[-0.15138322 -0.17103022 -0.03005858 ... -0.16300875 -0.0811233
  0.02107718]"
0.03285888,"[-0.15139458 -0.17102778 -0.03005732 ... -0.16302972 -0.08113331
  0.02107781]"
0.032857843,"[-0.15141152 -0.17102332 -0.03005512 ... -0.16305086 -0.08114361
  0.0210783 ]"
0.032856345,"[-0.15142079 -0.17102212 -0.03005596 ... -0.16307251 -0.08115432
  0.02107859]"
0.032854293,"[-0.15143219 -0.17102529 -0.03005887 ... -0.16309436 -0.08116508
  0.02107895]"
0.032853212,"[-0.15143107 -0.1710301  -0.03006218 ... -0.16311623 -0.08117566
  0.02107945]"
0.03285203,"[-0.15143538 -0.17102927 -0.03006204 ... -0.16313848 -0.08118635
  0.02107988]"
0.03285035,"[-0.15144615 -0.17102745 -0.03006081 ... -0.16316094 -0.08119714
  0.02108016]"
0.03284857,"[-0.15144709 -0.17102654 -0.03006158 ... -0.16318335 -0.0812079
  0.02108036]"
0.03284711,"[-0.15145187 -0.17102458 -0.03006248 ... -0.1632053  -0.08121842
  0.02108073]"
0.032845605,"[-0.1514602  -0.1710297  -0.03006376 ... -0.16322668 -0.08122869
  0.02108119]"
0.03284408,"[-0.15146634 -0.17103392 -0.03006424 ... -0.163248   -0.08123897
  0.02108156]"
0.03284327,"[-0.15146652 -0.1710357  -0.03006545 ... -0.16326928 -0.08124929
  0.02108207]"
0.03284134,"[-0.15147455 -0.17103986 -0.03006531 ... -0.16329037 -0.08125965
  0.02108282]"
0.032840114,"[-0.15148833 -0.17104284 -0.03006754 ... -0.16331142 -0.08127013
  0.02108349]"
0.032838345,"[-0.15150656 -0.17104264 -0.03007133 ... -0.16333263 -0.08128075
  0.02108404]"
0.032837454,"[-0.15151973 -0.17104317 -0.0300742  ... -0.16335404 -0.0812915
  0.02108453]"
0.032835223,"[-0.15153298 -0.17104454 -0.03007302 ... -0.1633753  -0.08130199
  0.02108498]"
0.03283357,"[-0.15153915 -0.1710492  -0.03007157 ... -0.16339643 -0.0813123
  0.02108533]"
0.032832302,"[-0.15153643 -0.17105588 -0.03007183 ... -0.16341783 -0.08132293
  0.0210856 ]"
0.032830644,"[-0.15154636 -0.17106038 -0.0300709  ... -0.16343935 -0.0813337
  0.02108606]"
0.032829173,"[-0.15156062 -0.17105936 -0.03007012 ... -0.16346093 -0.08134432
  0.02108651]"
0.032827478,"[-0.15156963 -0.17106539 -0.0300687  ... -0.16348273 -0.08135478
  0.0210868 ]"
0.032826032,"[-0.15158309 -0.17107184 -0.03006668 ... -0.16350532 -0.08136542
  0.02108684]"
0.032824617,"[-0.15159674 -0.17107792 -0.03006404 ... -0.16352834 -0.08137606
  0.02108691]"
0.032822866,"[-0.15162438 -0.1710844  -0.03005953 ... -0.1635509  -0.08138636
  0.02108734]"
0.03282213,"[-0.15163867 -0.17108887 -0.03005621 ... -0.16357297 -0.08139645
  0.02108787]"
0.0328199,"[-0.1516483  -0.17109364 -0.03005409 ... -0.16359513 -0.08140664
  0.02108828]"
0.032818336,"[-0.15164833 -0.17109683 -0.0300542  ... -0.16361748 -0.08141687
  0.02108872]"
0.03281695,"[-0.1516554  -0.17109795 -0.03005094 ... -0.16364005 -0.08142719
  0.02108924]"
0.032815643,"[-0.15167196 -0.17109814 -0.03004995 ... -0.16366272 -0.08143765
  0.02108967]"
0.0328138,"[-0.15169507 -0.17109983 -0.03005006 ... -0.16368534 -0.08144817
  0.02109009]"
0.032812998,"[-0.15170027 -0.1711028  -0.03005281 ... -0.16370787 -0.08145866
  0.02109049]"
0.032811698,"[-0.15169354 -0.17110787 -0.03005154 ... -0.16373026 -0.08146904
  0.02109098]"
0.032810397,"[-0.15169789 -0.1711111  -0.03005385 ... -0.16375262 -0.0814795
  0.02109147]"
0.032808557,"[-0.15171573 -0.17111075 -0.03005839 ... -0.16377527 -0.08149028
  0.02109175]"
0.03280678,"[-0.15174048 -0.17110762 -0.03006031 ... -0.16379826 -0.08150123
  0.02109189]"
0.032806136,"[-0.1517531  -0.17111036 -0.03006151 ... -0.16382146 -0.08151206
  0.02109213]"
0.032804176,"[-0.1517569  -0.17111659 -0.03006178 ... -0.16384512 -0.08152297
  0.0210925 ]"
0.03280249,"[-0.15177242 -0.17112553 -0.03006177 ... -0.16386898 -0.0815339
  0.02109304]"
0.032801624,"[-0.15178733 -0.17113726 -0.03006195 ... -0.16389269 -0.08154467
  0.02109363]"
0.03279956,"[-0.15180133 -0.17115094 -0.03006141 ... -0.16391598 -0.08155521
  0.02109431]"
0.032797467,"[-0.15180828 -0.1711621  -0.03006177 ... -0.16393887 -0.08156562
  0.02109493]"
0.032796,"[-0.15182698 -0.17116725 -0.0300619  ... -0.16396157 -0.0815761
  0.02109532]"
0.032794364,"[-0.15185189 -0.17116639 -0.03006049 ... -0.16398416 -0.08158665
  0.02109564]"
0.032793347,"[-0.15186408 -0.17116156 -0.03005843 ... -0.16400675 -0.08159731
  0.02109602]"
0.03279149,"[-0.15187556 -0.1711568  -0.03005627 ... -0.16402932 -0.08160828
  0.02109639]"
0.032790136,"[-0.15188177 -0.17115572 -0.03005467 ... -0.16405179 -0.08161958
  0.02109665]"
0.032788347,"[-0.151875   -0.17115629 -0.03005546 ... -0.164074   -0.08163096
  0.02109691]"
0.03278668,"[-0.15187655 -0.1711574  -0.03005396 ... -0.16409591 -0.08164211
  0.02109729]"
0.03278488,"[-0.1518848  -0.17115688 -0.03005069 ... -0.16411766 -0.0816529
  0.0210977 ]"
0.032783706,"[-0.15188818 -0.17115895 -0.03004907 ... -0.16413955 -0.08166359
  0.02109792]"
0.032782413,"[-0.15189274 -0.17116188 -0.03005027 ... -0.16416131 -0.0816741
  0.02109811]"
0.032780986,"[-0.15190439 -0.17116737 -0.03005248 ... -0.16418287 -0.0816846
  0.02109853]"
0.032779023,"[-0.15192261 -0.17117406 -0.03005043 ... -0.1642043  -0.08169521
  0.02109912]"
0.03277899,"[-0.15192634 -0.17118858 -0.03004984 ... -0.16422576 -0.08170584
  0.02109956]"
0.032776218,"[-0.15192641 -0.17119777 -0.03004967 ... -0.16424741 -0.08171644
  0.02109984]"
0.032775205,"[-0.15193622 -0.17120515 -0.03004839 ... -0.1642692  -0.08172698
  0.02110022]"
0.032773986,"[-0.15194668 -0.17121144 -0.03004699 ... -0.1642911  -0.08173753
  0.0211008 ]"
0.032772224,"[-0.15195724 -0.17121339 -0.03004418 ... -0.1643133  -0.08174814
  0.0211015 ]"
0.032770105,"[-0.15197438 -0.17121476 -0.03004006 ... -0.16433568 -0.0817588
  0.02110207]"
0.032768954,"[-0.1519848  -0.17121856 -0.03003968 ... -0.1643582  -0.08176951
  0.02110244]"
0.0327671,"[-0.1520017  -0.17122637 -0.0300391  ... -0.16438077 -0.0817802
  0.02110275]"
0.03276569,"[-0.15201372 -0.17123686 -0.03004007 ... -0.16440362 -0.08179116
  0.02110291]"
0.0327646,"[-0.15200958 -0.17124753 -0.03004276 ... -0.16442654 -0.08180249
  0.0211029 ]"
0.032762427,"[-0.15201876 -0.17125662 -0.03004367 ... -0.16444889 -0.08181374
  0.02110322]"
0.032761097,"[-0.15202288 -0.17126407 -0.03004326 ... -0.16447067 -0.08182455
  0.02110379]"
0.032759774,"[-0.15204075 -0.17126967 -0.03003966 ... -0.1644925  -0.08183508
  0.02110427]"
0.032757763,"[-0.15206176 -0.17127386 -0.0300318  ... -0.16451503 -0.08184575
  0.02110441]"
0.03275649,"[-0.15208502 -0.17127715 -0.03002753 ... -0.16453816 -0.08185662
  0.02110434]"
0.032755755,"[-0.15209235 -0.17127931 -0.03002911 ... -0.16456155 -0.08186767
  0.0211044 ]"
0.032753214,"[-0.15209964 -0.1712827  -0.03002923 ... -0.16458492 -0.08187884
  0.02110485]"
0.03275206,"[-0.15211166 -0.17128731 -0.0300302  ... -0.16460834 -0.08189028
  0.02110529]"
0.032749943,"[-0.15211186 -0.17129229 -0.03003352 ... -0.1646315  -0.08190166
  0.02110557]"
0.03274862,"[-0.15211691 -0.17130409 -0.03003525 ... -0.16465428 -0.0819127
  0.02110593]"
0.032747515,"[-0.15212688 -0.17131257 -0.03002956 ... -0.16467708 -0.08192362
  0.02110643]"
0.032745376,"[-0.15215074 -0.17131987 -0.03002567 ... -0.16470009 -0.08193446
  0.02110668]"
0.032744627,"[-0.152161   -0.17132743 -0.03002886 ... -0.16472326 -0.08194513
  0.02110651]"
0.032742497,"[-0.1521689  -0.17133874 -0.03003104 ... -0.16474634 -0.08195551
  0.02110657]"
0.03274071,"[-0.15217143 -0.17135124 -0.03003566 ... -0.16476946 -0.0819659
  0.02110695]"
0.03273951,"[-0.1521774  -0.17136165 -0.03003936 ... -0.16479257 -0.08197661
  0.02110724]"
0.03273795,"[-0.15218699 -0.17136939 -0.03004055 ... -0.16481553 -0.08198762
  0.02110741]"
0.032736145,"[-0.15220708 -0.17137454 -0.03003878 ... -0.16483837 -0.08199871
  0.02110764]"
0.032734863,"[-0.15222137 -0.17137586 -0.03003795 ... -0.16486117 -0.08200974
  0.02110795]"
0.03273278,"[-0.1522341  -0.1713786  -0.03003789 ... -0.16488388 -0.08202066
  0.02110819]"
0.03273122,"[-0.15225388 -0.17137876 -0.03003638 ... -0.16490674 -0.08203173
  0.02110831]"
0.032730184,"[-0.15226331 -0.17137942 -0.03003717 ... -0.16492985 -0.08204299
  0.02110855]"
0.032727912,"[-0.1522768  -0.17137909 -0.03003307 ... -0.16495305 -0.08205409
  0.02110923]"
0.0327263,"[-0.15229335 -0.17138934 -0.03002816 ... -0.16497654 -0.08206511
  0.02110978]"
0.032725204,"[-0.1522868  -0.17140391 -0.03002864 ... -0.16500056 -0.08207636
  0.0211098 ]"
0.032723483,"[-0.15229052 -0.17141192 -0.03002816 ... -0.1650248  -0.08208779
  0.0211098 ]"
0.03272167,"[-0.15229057 -0.17141898 -0.03002766 ... -0.16504838 -0.08209894
  0.02111036]"
0.03272069,"[-0.15229261 -0.17142658 -0.03002695 ... -0.16507132 -0.08210994
  0.02111108]"
0.03271883,"[-0.15229656 -0.1714355  -0.0300279  ... -0.16509414 -0.08212108
  0.02111155]"
0.03271695,"[-0.15231626 -0.17144318 -0.03002791 ... -0.16511694 -0.08213215
  0.02111205]"
0.03271686,"[-0.15233    -0.17144461 -0.03003095 ... -0.16513997 -0.08214305
  0.02111264]"
0.032714088,"[-0.15235183 -0.17144619 -0.03003229 ... -0.16516352 -0.08215396
  0.02111316]"
0.032713436,"[-0.15236402 -0.17145252 -0.03003313 ... -0.16518755 -0.08216508
  0.02111341]"
0.032711517,"[-0.15237269 -0.17146225 -0.03003273 ... -0.16521157 -0.08217623
  0.02111378]"
0.032709695,"[-0.15238643 -0.17147227 -0.03002984 ... -0.16523549 -0.08218747
  0.02111441]"
0.03270853,"[-0.15239283 -0.17147802 -0.03002682 ... -0.16525929 -0.08219871
  0.02111488]"
0.03270584,"[-0.15239525 -0.17148438 -0.03002534 ... -0.16528314 -0.08221007
  0.02111503]"
0.032705147,"[-0.15240782 -0.1714908  -0.03001951 ... -0.16530724 -0.08222173
  0.02111516]"
0.032703582,"[-0.15242179 -0.17149629 -0.03001075 ... -0.16533138 -0.08223369
  0.02111524]"
0.03270081,"[-0.15243722 -0.17149933 -0.03000455 ... -0.16535561 -0.08224596
  0.0211152 ]"
